issue,part,created,gpu,version,mode,mode_source,capture_gib,measure,capture_secs
3090,10,2024-02-28,,,,,0.93,took,34.00
8031,11,2024-08-30,,0.8.3,,,2.00,took,33.00
9948,6,2024-11-02,,0.1,,,0.87,took,40.00
10235,3,2024-11-11,,,,,0.12,took,10.00
10235,5,2024-11-11,,,,,0.12,took,10.00
10310,4,2024-11-14,,0.1,,,0.05,took,0.00
10411,0,2024-11-18,,0.6.4,,,7.66,took,30.00
10411,2,2024-11-18,,,,,1.55,took,10.00
10460,0,2024-11-19,,,,,0.33,took,32.00
10600,0,2024-11-24,RTX4090,0.6.4,,,0.21,took,12.00
10686,0,2024-11-27,RTX3090,0.6.4,,,0.47,took,3.00
10702,0,2024-11-27,H100,0.6.4,,,0.48,took,13.00
10978,9,2024-12-07,,,,,0.42,took,18.00
11005,0,2024-12-09,,,,,0.33,took,15.00
11175,0,2024-12-13,A100,0.6.4,,,3.15,took,19.00
11208,0,2024-12-15,H200,0.6.4,,,0.63,took,19.00
11230,2,2024-12-16,,0.6.4,,,0.06,took,1.00
11249,1,2024-12-17,MI300X,0.4.4,,,0.41,took,13.00
11251,6,2024-12-17,,0.6.5,,,1.38,took,21.00
11251,8,2024-12-17,,,,,1.38,took,21.00
11289,0,2024-12-18,RTX3090,0.6.5,,,1.99,took,24.00
11330,28,2024-12-19,,0.1,,,0.09,took,2.00
11349,0,2024-12-19,,,,,0.21,took,16.00
11352,0,2024-12-20,V100,0.6.6,,,0.32,took,24.00
11374,0,2024-12-20,H100,0.1,,,0.90,took,20.00
11376,4,2024-12-20,,0.6.5,,,0.38,took,9.00
11377,3,2024-12-20,,0.6.6,,,1.27,took,11.00
11450,0,2024-12-24,,0.6.6,,,0.70,took,57.00
11452,0,2024-12-24,,,,,6.56,took,71.00
11578,10,2024-12-28,,0.1,,,0.24,took,5.00
11719,2,2025-01-03,,0.1,,,0.13,took,5.00
11760,6,2025-01-06,,0.6.4,,,0.06,took,3.00
11873,0,2025-01-09,,0.6.6,,,0.12,took,8.00
11899,0,2025-01-09,,0.6.5,,,0.42,took,17.00
11903,0,2025-01-09,,0.6.6,,,0.98,took,46.00
11994,1,2025-01-13,,0.6.6,,,0.39,took,222.00
12124,8,2025-01-16,,0.1,,,0.24,took,23.00
12155,0,2025-01-17,RTX4090,0.6.4,,,0.42,took,23.00
12245,0,2025-01-21,H20,0.6.6,,,1.77,took,21.00
12364,0,2025-01-23,L40S,0.6.6,,,0.22,took,12.00
12529,15,2025-01-28,,0.7.4,,,0.89,took,9.00
12529,16,2025-01-28,,0.7.4,,,0.19,took,12.00
12695,14,2025-02-03,MI300,,,,0.20,took,20.00
12695,19,2025-02-03,,0.1,,,0.23,took,14.00
12695,60,2025-02-03,MI300X,0.1,FULL_AND_PIECEWISE,stated,0.02,took,1.00
12695,64,2025-02-03,,0.1,FULL_AND_PIECEWISE,stated,0.02,took,2.00
12695,70,2025-02-03,,0.1,FULL_AND_PIECEWISE,stated,0.02,took,1.00
12695,71,2025-02-03,,0.1,FULL_AND_PIECEWISE,stated,0.02,took,1.00
12729,2,2025-02-04,,0.6.6,,,0.70,took,12.00
12942,0,2025-02-08,,0.7.1,,,0.54,took,22.00
12973,4,2025-02-09,,0.7.4,,,0.50,took,32.00
12994,0,2025-02-09,,0.7.3,,,0.12,took,28.00
13013,0,2025-02-10,GH200,0.7.3,,,0.32,took,14.00
13074,2,2025-02-11,,0.7.2,,,0.14,took,4.00
13143,0,2025-02-12,,,,,1.89,took,14.00
13144,2,2025-02-12,,,,,0.22,took,26.00
13147,0,2025-02-12,,0.7.2,,,0.66,took,47.00
13272,0,2025-02-14,,0.7.3,,,0.51,took,14.00
13594,0,2025-02-20,H100,,,,0.64,took,31.00
13673,0,2025-02-21,,0.7.3,,,0.45,took,22.00
13712,0,2025-02-23,,0.7.3,,,1.12,took,24.00
13817,5,2025-02-25,,0.1,,,0.04,took,1.00
13817,6,2025-02-25,,0.1,,,0.04,took,1.00
14011,7,2025-02-28,,,,,0.76,took,27.00
14181,3,2025-03-04,,0.7.3,,,1.53,took,45.00
14184,2,2025-03-04,,0.1,,,2.01,took,30.00
14184,4,2025-03-04,,0.1,,,2.06,took,20.00
14184,9,2025-03-04,,0.7.4,,,2.07,took,9.00
14193,5,2025-03-04,,,,,0.50,took,26.00
14226,37,2025-03-04,,,,,2.24,took,27.00
14286,0,2025-03-05,RTX4090,0.7.4,,,2.02,took,17.00
14447,28,2025-03-07,,0.8.3,,,0.22,took,12.00
14452,84,2025-03-07,RTX5090,0.8.5,,,2.18,took,47.00
14452,88,2025-03-07,RTX5090,0.8.5,,,2.18,took,47.00
14452,89,2025-03-07,RTX5090,0.8.5,,,2.18,took,47.00
14506,1,2025-03-09,,,,,0.84,took,28.00
14532,4,2025-03-10,,,,,1.09,took,31.00
14554,2,2025-03-10,,,,,1.42,took,20.00
14619,9,2025-03-11,,0.7.4,,,1.42,took,26.00
14696,35,2025-03-12,,,,,0.44,took,36.00
14715,0,2025-03-13,,0.7.4,,,0.69,took,42.00
14728,3,2025-03-13,,,,,0.64,took,22.00
14817,7,2025-03-14,,,,,1.38,took,23.00
14936,0,2025-03-17,A100,0.7.4,,,1.61,took,31.00
14958,0,2025-03-17,A10,,,,0.70,took,20.00
15016,0,2025-03-18,,0.8.0,,,0.36,took,28.00
15018,0,2025-03-18,,0.7.4,,,0.15,took,593.00
15039,0,2025-03-18,H100,0.8.0,,,8.97,took,36.00
15039,3,2025-03-18,,0.8.0,,,8.97,took,36.00
15105,0,2025-03-19,,0.8.0,,,2.28,took,50.00
15105,6,2025-03-19,,0.8.1,,,5.77,took,66.00
15199,1,2025-03-20,,,,,3.38,took,84.00
15228,0,2025-03-20,,0.7.2,,,2.89,took,21.00
15340,0,2025-03-22,,0.8.1,,,0.19,took,14.00
15360,0,2025-03-23,A10G,0.8.1,,,0.76,took,36.00
15364,0,2025-03-23,H100,0.8.1,,,1.65,took,15.00
15394,0,2025-03-24,H200,0.8.1,,,0.31,took,9.00
15636,0,2025-03-27,,0.8.2,,,0.47,took,19.00
15664,24,2025-03-28,L40S,,,,3.34,took,29.00
15664,28,2025-03-28,L40S,,,,3.34,took,29.00
15675,0,2025-03-28,RTX4060,0.8.2,,,0.37,took,13.00
15815,8,2025-03-31,,0.7.3,,,0.05,took,3.00
15874,7,2025-04-01,RTX3090,0.8.1,,,0.21,took,15.00
16095,0,2025-04-05,,,,,0.16,took,8.00
16140,0,2025-04-06,T4,0.8.2,,,0.15,took,50.00
16140,2,2025-04-06,A6000,0.7.3,,,0.15,took,28.00
16141,0,2025-04-07,A6000,0.8.3,,,0.41,took,18.00
16177,0,2025-04-07,,0.8.3,,,1.19,took,19.00
16258,7,2025-04-08,,0.8.3,,,0.44,took,29.00
16259,0,2025-04-08,H100,0.8.3,,,4.95,took,196.00
16301,0,2025-04-09,,,,,3.17,took,33.00
16303,0,2025-04-09,,,,,3.17,took,33.00
16378,0,2025-04-10,,0.8.0,,,0.29,took,12.00
16380,0,2025-04-10,,0.8.0,,,0.29,took,12.00
16433,0,2025-04-10,,0.7.3,,,0.26,took,14.00
16510,0,2025-04-11,,0.8.2,,,0.36,took,94.00
16510,2,2025-04-11,,0.8.2,,,0.36,took,94.00
16515,21,2025-04-11,,0.10.1,PIECEWISE,default,0.98,took,2.00
16570,0,2025-04-14,A100,0.8.3,,,2.65,took,62.00
16570,13,2025-04-14,,0.7.3,,,0.10,took,2.00
16580,1,2025-04-14,,0.8.3,,,1.16,took,73.00
16595,2,2025-04-14,,0.8.3,,,1.58,took,22.00
16668,0,2025-04-15,H20,0.8.5,,,0.86,took,29.00
16692,0,2025-04-16,H800,0.8.4,,,3.51,took,58.00
16692,1,2025-04-16,,,,,3.51,took,57.00
16692,10,2025-04-16,,0.8.4,,,0.33,took,19.00
16766,0,2025-04-17,H800,0.7.3,,,0.32,took,20.00
16961,1,2025-04-22,,,,,1.31,took,11412.00
17103,0,2025-04-24,,,,,0.99,took,23.00
17103,1,2025-04-24,,,,,0.99,took,24.00
17242,0,2025-04-27,H20,0.8.4,,,0.94,took,28.00
17280,8,2025-04-28,RTX5070,0.1,,,0.72,took,20.00
17434,0,2025-04-30,,,,,0.07,took,22.00
17448,11,2025-04-30,,0.8.5,,,0.57,took,18.00
17614,0,2025-05-03,RTX4090,0.8.5,,,1.47,took,22.00
17622,2,2025-05-04,,0.8.5,,,0.77,took,48.00
17670,0,2025-05-05,A100,0.7.3,,,0.53,took,34.00
17821,5,2025-05-08,,0.8.5,,,1.62,took,43.00
17939,0,2025-05-10,A100,0.8.5,,,0.95,took,113.00
17965,15,2025-05-11,,,,,0.97,took,33.00
18136,9,2025-05-14,A10G,0.8.4,,,2.28,took,78.00
18446,1,2025-05-21,,0.8.5,,,8.68,took,35.00
18489,0,2025-05-21,GH200,0.9.1,PIECEWISE,default,0.89,took,23.00
18522,4,2025-05-22,,,,,0.50,took,30.00
18549,0,2025-05-22,H100,0.8.5,,,0.55,took,16.00
18787,0,2025-05-28,RTX3090,0.8.5,,,0.45,took,17.00
18916,0,2025-05-29,RTX5090,0.9.0,PIECEWISE,default,0.86,took,14.00
18916,2,2025-05-29,RTX5090,0.9.0,PIECEWISE,default,0.74,took,10.00
18916,3,2025-05-29,,0.9.0,PIECEWISE,default,0.89,took,14.00
18962,3,2025-05-30,,0.9.0,PIECEWISE,default,0.52,took,25.00
18970,0,2025-05-30,,0.9.1,PIECEWISE,default,0.67,took,17.00
18993,0,2025-05-31,V100,0.9.0,PIECEWISE,default,0.25,took,11.00
19113,0,2025-06-03,,0.9.0,PIECEWISE,default,0.14,took,14.00
19125,0,2025-06-04,RTX4060,0.9.0,PIECEWISE,default,0.38,took,13.00
19191,0,2025-06-05,,0.8.3,,,1.21,took,25.00
19204,0,2025-06-05,,0.9.0,PIECEWISE,default,2.65,took,30.00
19319,0,2025-06-07,,,,,0.22,took,19.00
19368,0,2025-06-09,RTX4090,0.1,,,0.55,took,16.00
19445,5,2025-06-10,RTX2080,0.9.1,PIECEWISE,default,0.56,took,29.00
19483,41,2025-06-11,H200,0.10.0,PIECEWISE,default,2.46,took,26.00
19483,42,2025-06-11,,0.10.1,PIECEWISE,default,1.48,took,7.00
19516,0,2025-06-11,,,,,0.60,took,22.00
19545,0,2025-06-12,H100,0.9.1,PIECEWISE,default,0.70,took,32.00
19579,0,2025-06-12,MI300,,,,6.32,took,38.00
19593,3,2025-06-13,,,,,0.47,took,13.00
19613,0,2025-06-13,RTX2000,,,,0.25,took,28.00
19643,3,2025-06-14,,0.1,,,0.55,took,43.00
19657,0,2025-06-15,,,,,0.20,took,26.00
19668,0,2025-06-15,A100,0.9.1,PIECEWISE,default,1.66,took,47.00
19712,0,2025-06-16,,,,,0.97,took,34.00
19794,12,2025-06-18,,0.9.2,PIECEWISE,default,0.84,took,14.00
19810,2,2025-06-18,,0.9.2,PIECEWISE,default,0.75,took,13.00
20060,39,2025-06-25,,0.1,,,1.87,took,28.00
20252,2,2025-06-30,,,,,0.29,took,11.00
20252,3,2025-06-30,,,,,0.29,took,12.00
20264,0,2025-06-30,A100,,,,0.48,took,17.00
20341,3,2025-07-01,,0.9.2,PIECEWISE,default,1.22,took,24.00
20376,0,2025-07-02,,,,,5.55,took,48.00
20420,0,2025-07-03,,0.9.2,PIECEWISE,default,0.67,took,23.00
20477,2,2025-07-04,,0.9.2,PIECEWISE,default,0.54,took,18.00
20478,46,2025-07-04,,,,,0.50,took,5.00
20478,47,2025-07-04,,,,,0.50,took,5.00
20495,13,2025-07-04,,,,,1.11,took,69.00
20783,0,2025-07-10,H100,0.9.2,PIECEWISE,default,0.62,took,30.00
20834,0,2025-07-11,,,,,0.51,took,22.00
20851,0,2025-07-12,H100,,,,9.25,took,65.00
20860,8,2025-07-12,,,,,0.61,took,27.00
20986,0,2025-07-15,H100,0.9.2,PIECEWISE,default,0.80,took,31.00
20998,0,2025-07-15,B200,0.9.2,PIECEWISE,default,0.84,took,16.00
21051,1,2025-07-16,L40S,0.10.1,PIECEWISE,default,0.32,took,1.18
21077,0,2025-07-16,,0.9.2,PIECEWISE,default,0.63,took,20.00
21146,0,2025-07-17,,,,,0.59,took,35.00
21219,0,2025-07-19,,,,,2.01,took,67.00
21236,0,2025-07-19,,0.9.2,PIECEWISE,default,2.29,took,79.00
21277,5,2025-07-21,,0.9.2,PIECEWISE,default,0.51,took,32.00
21339,2,2025-07-21,RTX3090,0.9.2,PIECEWISE,default,1.41,took,75.00
21386,0,2025-07-22,H100,0.10.0,PIECEWISE,default,2.31,took,20.00
21390,0,2025-07-22,,0.10.0,PIECEWISE,default,2.31,took,20.00
21425,2,2025-07-23,,,,,0.59,took,33.00
21438,0,2025-07-23,,0.9.2,PIECEWISE,default,0.35,took,38.00
21529,0,2025-07-24,,0.9.2,PIECEWISE,default,0.52,took,24.00
21591,0,2025-07-25,,0.9.2,PIECEWISE,default,0.17,took,48.00
21689,0,2025-07-27,RTX4090,0.9.2,PIECEWISE,default,1.01,took,55.00
21737,0,2025-07-28,,0.9.2,PIECEWISE,default,0.57,took,155.00
21926,0,2025-07-30,L4,,,,0.08,took,3.00
21983,0,2025-07-31,RTX4090,0.9.2,PIECEWISE,default,1.82,took,49.00
22279,85,2025-08-05,,0.10.1,PIECEWISE,default,0.91,took,3.00
22279,86,2025-08-05,,0.10.1,PIECEWISE,default,0.91,took,3.00
22331,38,2025-08-06,L40,0.10.2,PIECEWISE,default,0.72,took,46.00
22331,46,2025-08-06,L40,0.10.2,PIECEWISE,default,0.72,took,46.00
22414,0,2025-08-07,A6000,0.10.2,PIECEWISE,default,0.73,took,65.00
22479,0,2025-08-08,RTX6000,0.10.1,PIECEWISE,default,1.21,took,9.00
22525,0,2025-08-08,A100,,,,0.72,took,106.00
22624,0,2025-08-11,A800,0.8.5,,,1.74,took,30.00
22719,5,2025-08-12,,0.9.2,PIECEWISE,default,2.13,took,28.00
22719,7,2025-08-12,,0.9.2,PIECEWISE,default,1.68,took,26.00
22719,10,2025-08-12,,0.10.1,PIECEWISE,default,0.73,took,1.00
22746,0,2025-08-12,H20,,,,1.30,took,9.00
22858,0,2025-08-13,A100,0.10.1,PIECEWISE,default,1.26,took,2.00
22892,0,2025-08-14,L40S,0.10.2,PIECEWISE,default,0.12,took,13.00
22897,0,2025-08-14,,,,,0.54,took,4.00
22911,0,2025-08-14,A100,0.10.0,PIECEWISE,default,0.60,took,4.00
23066,0,2025-08-17,H100,0.10.1,PIECEWISE,default,0.80,took,4.00
23184,0,2025-08-19,,,FULL,stated,0.54,took,4.00
23188,0,2025-08-19,,,,,1.31,took,19.00
23236,12,2025-08-20,,0.1,,,0.47,took,2.00
23236,18,2025-08-20,,0.1,,,0.47,took,2.00
23256,1,2025-08-20,H100,0.8.4,,,1.33,took,33.00
23256,2,2025-08-20,H100,0.10.1,PIECEWISE,default,1.42,took,7.00
23256,3,2025-08-20,A100,0.8.4,,,1.28,took,48.00
23256,4,2025-08-20,A100,0.10.1,PIECEWISE,default,1.26,took,12.00
23402,0,2025-08-22,,0.10.1,PIECEWISE,default,3.12,took,17.00
23439,0,2025-08-22,B200,,,,0.03,took,2.00
23464,11,2025-08-23,,0.1,,,0.11,took,1.00
23517,0,2025-08-25,RTX4060,0.10.1,PIECEWISE,default,0.70,took,5.00
23645,0,2025-08-26,H100,0.10.1,PIECEWISE,default,0.73,took,5.00
23661,2,2025-08-26,,0.9.2,PIECEWISE,default,0.68,took,33.00
23739,4,2025-08-27,,0.10.0,PIECEWISE,default,0.45,took,2.00
23796,0,2025-08-28,,0.10.1,PIECEWISE,default,0.20,took,12.00
23797,0,2025-08-28,T4,0.10.1,PIECEWISE,default,0.68,took,168.00
24022,0,2025-09-01,T4,0.10.1,PIECEWISE,default,0.21,took,2.00
24025,4,2025-09-01,RTX3090,0.10.2,PIECEWISE,default,1.31,took,18.00
24025,5,2025-09-01,RTX3090,0.10.2,PIECEWISE,default,1.31,took,18.00
24089,11,2025-09-02,T4,0.10.2,PIECEWISE,default,0.33,took,3.00
24162,0,2025-09-03,,0.10.2,PIECEWISE,default,0.39,took,2.00
24217,0,2025-09-04,,0.9.2,PIECEWISE,default,0.09,took,2.00
24230,0,2025-09-04,H100,0.10.1,PIECEWISE,default,0.67,took,2.00
24237,0,2025-09-04,,0.10.2,PIECEWISE,default,0.15,took,1.00
24392,6,2025-09-07,,0.1,,,0.72,took,6.00
24436,1,2025-09-08,,0.10.1,PIECEWISE,default,2.75,took,43.00
24601,21,2025-09-10,,0.11.2,FULL_AND_PIECEWISE,stated,0.88,took,4.00
24758,0,2025-09-12,,,,,0.07,took,6.00
24879,0,2025-09-15,H800,0.1,,,0.58,took,3.00
24881,0,2025-09-15,,0.10.2,PIECEWISE,default,1.60,took,60.00
25060,0,2025-09-17,RTX3090,0.10.2,PIECEWISE,default,0.12,took,12.00
25172,8,2025-09-18,,,,,0.02,took,2.00
25172,9,2025-09-18,T4,,,,0.02,took,2.00
25236,0,2025-09-19,A6000,,,,0.56,took,5.00
25340,0,2025-09-21,L4,0.10.2,PIECEWISE,default,0.79,took,34.00
25358,3,2025-09-21,,0.10.2,FULL_AND_PIECEWISE,stated,0.06,took,1.00
25502,0,2025-09-23,H100,0.10.2,PIECEWISE,default,0.58,took,3.00
25582,11,2025-09-24,B200,0.11.0,FULL_AND_PIECEWISE,default,1.18,took,41.00
25650,0,2025-09-25,,0.10.2,PIECEWISE,default,0.81,took,5.00
25779,0,2025-09-26,,,,,3.43,took,75.00
25784,16,2025-09-26,,0.4.3,FULL_AND_PIECEWISE,stated,1.76,took,5.00
25820,9,2025-09-28,H100,0.11.0,FULL_AND_PIECEWISE,stated,5.27,took,38.00
25837,0,2025-09-28,,0.10.2,PIECEWISE,default,0.05,took,22.00
25848,0,2025-09-29,B200,0.11.0,FULL_AND_PIECEWISE,default,1.65,took,39.00
25861,0,2025-09-29,H200,0.11.0,FULL_AND_PIECEWISE,default,3.47,took,32.00
26016,4,2025-10-01,,,,,0.67,took,4.00
26034,1,2025-10-01,,,PIECEWISE,stated,0.52,took,8.00
26182,11,2025-10-03,,0.10.2,FULL_AND_PIECEWISE,stated,0.77,took,9.00
26329,0,2025-10-07,L4,0.11.0,FULL_AND_PIECEWISE,default,0.97,took,7.00
26420,0,2025-10-08,A6000,0.11.0,FULL_AND_PIECEWISE,default,1.51,took,26.00
26474,0,2025-10-09,,0.10.2,PIECEWISE,stated,0.02,took,1.00
26480,0,2025-10-09,A100,0.11.0,FULL_AND_PIECEWISE,default,1.20,took,15.00
26632,0,2025-10-11,,,,,2.68,took,27.00
26656,4,2025-10-12,,0.11.1,FULL_AND_PIECEWISE,stated,0.59,took,4.00
26669,3,2025-10-13,,,,,1.03,took,14.00
26788,1,2025-10-14,,0.11.0,FULL_AND_PIECEWISE,stated,0.26,took,17.00
26833,0,2025-10-14,H100,,,,9.97,took,15.00
26899,3,2025-10-15,,,,,0.88,took,9.00
27015,0,2025-10-16,H20,0.11.0,FULL_AND_PIECEWISE,default,6.84,took,60.00
27233,0,2025-10-21,,0.11.0,FULL_AND_PIECEWISE,default,0.45,took,20.00
27233,3,2025-10-21,,0.11.0,FULL_AND_PIECEWISE,default,0.45,took,20.00
27233,4,2025-10-21,,0.11.0,FULL_AND_PIECEWISE,default,0.45,took,90.00
27233,8,2025-10-21,,0.11.0,FULL_AND_PIECEWISE,default,0.44,took,20.00
27233,10,2025-10-21,,0.11.0,FULL_AND_PIECEWISE,default,0.44,took,20.00
27233,11,2025-10-21,,0.11.0,FULL_AND_PIECEWISE,default,0.44,took,20.00
27333,0,2025-10-22,RTX4090,0.11.0,FULL_AND_PIECEWISE,default,2.28,took,11.00
27364,0,2025-10-22,,0.11.1,FULL_AND_PIECEWISE,stated,0.38,took,3.00
27452,1,2025-10-24,,,,,7.64,took,12.00
27452,6,2025-10-24,,,,,10.24,took,15.00
27452,8,2025-10-24,,,,,0.67,took,2.00
27466,0,2025-10-24,,0.11.0,FULL_AND_PIECEWISE,default,1.82,took,22.00
27499,0,2025-10-25,,0.11.1,FULL_DECODE_ONLY,stated,0.08,took,2.00
27508,0,2025-10-25,H100,,,,9.79,took,34.00
27508,3,2025-10-25,H100,,,,9.79,took,15.00
27557,14,2025-10-27,,,,,0.42,took,3.00
27608,0,2025-10-27,,0.1,FULL_AND_PIECEWISE,stated,0.24,took,3.00
27642,0,2025-10-28,H200,0.11.0,FULL_AND_PIECEWISE,default,0.98,took,7.00
27706,0,2025-10-29,,0.11.1,FULL_AND_PIECEWISE,stated,0.08,took,2.00
27706,6,2025-10-29,,0.11.1,FULL_AND_PIECEWISE,stated,0.11,took,3.00
27706,8,2025-10-29,,0.11.1,FULL_AND_PIECEWISE,stated,0.11,took,2.00
27706,15,2025-10-29,,0.11.1,FULL_AND_PIECEWISE,stated,0.11,took,3.00
27706,22,2025-10-29,,0.14.0,FULL_AND_PIECEWISE,stated,0.11,took,3.00
27761,12,2025-10-29,,0.11.1,FULL_AND_PIECEWISE,stated,0.32,took,5.00
27771,0,2025-10-29,,,,,2.52,took,35.00
27776,3,2025-10-30,,0.1,FULL_AND_PIECEWISE,stated,0.40,took,5.00
27782,0,2025-10-30,,,,,1.88,took,28.00
27977,0,2025-11-03,A6000,0.11.0,FULL_AND_PIECEWISE,default,0.85,took,6.00
28046,13,2025-11-04,,0.11.1,FULL_AND_PIECEWISE,stated,0.11,took,2.00
28052,4,2025-11-04,,0.11.1,FULL_AND_PIECEWISE,stated,0.44,took,35.00
28113,0,2025-11-05,,,,,0.13,took,37.00
28228,0,2025-11-06,RTX3090,0.11.1,PIECEWISE,stated,0.63,took,5.00
28439,0,2025-11-11,,0.1,FULL_AND_PIECEWISE,stated,0.94,took,3.00
28604,0,2025-11-13,B200,0.11.1,FULL_AND_PIECEWISE,stated,5.64,took,19.00
28651,0,2025-11-13,L40,,,,0.55,took,2.00
28703,0,2025-11-14,,,,,0.79,took,57.00
28775,21,2025-11-15,,0.13.0,FULL_AND_PIECEWISE,stated,0.09,took,12.00
28775,23,2025-11-15,,0.13.0,FULL_AND_PIECEWISE,stated,0.09,took,12.00
28783,0,2025-11-15,RTX4000,,,,0.73,took,4.00
28854,0,2025-11-17,RTX3090,0.9.2,PIECEWISE,default,0.39,took,25.00
28919,0,2025-11-18,,0.11.0,PIECEWISE,stated,0.85,took,13.00
29049,0,2025-11-20,H100,,,,6.31,took,20.00
29095,2,2025-11-20,H200,0.11.0,PIECEWISE,stated,2.32,took,21.00
29130,0,2025-11-21,,,,,0.04,pool_actual,1.00
29137,0,2025-11-21,,0.11.2,FULL_AND_PIECEWISE,stated,0.71,took,3.00
29151,11,2025-11-21,,0.10.0,PIECEWISE,default,0.77,took,3.00
29151,12,2025-11-21,,0.10.0,PIECEWISE,default,0.77,took,3.00
29271,0,2025-11-23,,0.1,FULL_AND_PIECEWISE,stated,0.22,took,2.00
29335,0,2025-11-24,,0.11.1,FULL_AND_PIECEWISE,stated,0.42,took,3.00
29582,0,2025-11-27,,0.11.2,FULL_AND_PIECEWISE,stated,0.71,took,3.00
29603,3,2025-11-27,,0.11.2,FULL_AND_PIECEWISE,stated,1.43,took,219.00
29743,3,2025-11-30,T4,0.11.2,FULL_AND_PIECEWISE,stated,1.00,took,13.00
29949,0,2025-12-03,RTX3090,0.11.0,FULL_AND_PIECEWISE,default,0.22,took,1.00
29955,0,2025-12-03,RTX3090,0.11.2,FULL_AND_PIECEWISE,stated,1.09,took,19.00
30172,0,2025-12-06,RTX3090,0.11.0,FULL_AND_PIECEWISE,stated,0.56,took,4.00
30172,5,2025-12-06,,0.11.0,FULL_AND_PIECEWISE,default,2.07,took,15.00
30172,7,2025-12-06,,0.12.0,FULL_AND_PIECEWISE,stated,2.04,took,12.00
30315,0,2025-12-09,,0.1,PIECEWISE,stated,0.38,took,3.00
30452,6,2025-12-11,,,,,0.08,took,2.00
30521,0,2025-12-11,T4,,,,0.72,took,5.00
30690,0,2025-12-15,A6000,,,,1.34,took,26.00
30766,6,2025-12-16,GB200,0.12.0,FULL_AND_PIECEWISE,stated,0.92,took,5.00
31372,0,2025-12-26,,0.14.0,FULL_AND_PIECEWISE,stated,0.36,took,6.00
31372,1,2025-12-26,,0.14.0,FULL_AND_PIECEWISE,stated,0.36,took,6.00
31406,0,2025-12-27,,,,,0.02,took,2.00
31602,0,2026-01-01,,0.11.0,FULL_AND_PIECEWISE,default,0.54,took,8.00
31647,0,2026-01-03,RTX4090,0.11.2,FULL_AND_PIECEWISE,stated,0.64,took,4.00
31665,0,2026-01-04,,0.13.0,PIECEWISE,stated,0.03,took,1.00
31679,0,2026-01-04,RTX5060,0.14.0,FULL_AND_PIECEWISE,stated,1.54,took,9.00
31738,0,2026-01-05,,,PIECEWISE,stated,1.11,took,10.00
31740,10,2026-01-05,,0.14.0,FULL_AND_PIECEWISE,stated,2.52,took,58.00
31740,13,2026-01-05,,0.14.0,FULL_AND_PIECEWISE,stated,2.07,took,10.00
32082,0,2026-01-10,,,,,0.19,took,2.00
32105,8,2026-01-11,RTX4090,,,,0.47,took,7.00
32180,7,2026-01-12,,,FULL_AND_PIECEWISE,stated,0.55,took,87.00
32611,1,2026-01-19,A10,0.1,FULL_AND_PIECEWISE,stated,0.19,took,2.00
32611,3,2026-01-19,A10,0.1,FULL_AND_PIECEWISE,stated,0.43,took,3.00
32772,10,2026-01-21,,0.1,FULL_AND_PIECEWISE,stated,0.05,took,1.00
32772,13,2026-01-21,,0.1,FULL_AND_PIECEWISE,stated,0.05,took,1.00
32772,17,2026-01-21,,,,,0.18,took,1.00
32772,20,2026-01-21,,0.1,FULL_AND_PIECEWISE,stated,0.05,took,1.00
32772,21,2026-01-21,,0.1,FULL_AND_PIECEWISE,stated,0.05,took,1.00
32772,23,2026-01-21,,0.1,FULL_AND_PIECEWISE,stated,0.05,took,1.00
32782,4,2026-01-21,,0.14.0,FULL_AND_PIECEWISE,stated,0.08,took,1.00
32856,0,2026-01-22,,0.14.0,FULL_AND_PIECEWISE,stated,0.46,took,2.00
33107,0,2026-01-26,L40S,0.14.1,FULL_DECODE_ONLY,stated,0.20,took,2.00
33333,8,2026-01-29,,,,,0.04,took,15.00
33338,0,2026-01-29,,0.11.0,FULL_AND_PIECEWISE,default,1.52,took,11.00
33560,0,2026-02-02,RTX2080,0.16.0,FULL_AND_PIECEWISE,stated,0.89,took,7.00
33560,1,2026-02-02,RTX2080,0.16.0,FULL_AND_PIECEWISE,stated,0.89,took,7.00
33756,0,2026-02-04,,0.15.0,FULL_AND_PIECEWISE,stated,1.97,took,42.00
33800,0,2026-02-04,,,,,0.75,took,21.00
33857,1,2026-02-05,,0.16.0,FULL_AND_PIECEWISE,stated,1.19,took,132.00
34005,0,2026-02-06,H100,0.15.1,FULL_AND_PIECEWISE,stated,0.63,took,4.00
34154,5,2026-02-09,,,PIECEWISE,stated,1.52,took,6.00
34284,1,2026-02-10,L4,,,,0.19,took,2.00
34345,4,2026-02-11,RTX5060,0.13.0,FULL_AND_PIECEWISE,stated,0.05,took,18.00
34886,5,2026-02-19,RTX5060,0.16.0,FULL_AND_PIECEWISE,stated,0.02,took,2.00
35191,28,2026-02-24,H200,0.16.1,FULL_AND_PIECEWISE,stated,1.49,took,47.00
35255,0,2026-02-25,RTX5060,0.15.1,FULL_AND_PIECEWISE,stated,0.21,took,100.00
35720,0,2026-03-02,V100,0.16.0,FULL_AND_PIECEWISE,stated,0.53,took,16.00
35924,3,2026-03-03,,,,,0.23,took,3.00
36010,1,2026-03-04,,0.16.1,FULL_AND_PIECEWISE,stated,0.89,took,10.00
36312,0,2026-03-07,,0.17.0,FULL_AND_PIECEWISE,stated,0.73,took,1.00
36317,0,2026-03-07,A100,0.16.0,FULL_AND_PIECEWISE,stated,0.71,took,5.00
36331,6,2026-03-07,,0.19.1,FULL_AND_PIECEWISE,stated,0.21,pool_actual,3.00
36452,1,2026-03-09,,0.17.0,FULL_AND_PIECEWISE,stated,1.36,took,13.00
36480,3,2026-03-09,,0.19.0,FULL_AND_PIECEWISE,stated,2.11,pool_actual,23.00
36595,3,2026-03-10,,,,,2.43,took,23.00
36631,3,2026-03-10,,0.17.0,FULL_AND_PIECEWISE,stated,0.65,took,7.00
36634,8,2026-03-10,,0.17.1,FULL_AND_PIECEWISE,stated,0.21,pool_actual,2.00
36643,5,2026-03-10,A10,0.17.0,FULL_AND_PIECEWISE,stated,0.60,took,5.00
36734,0,2026-03-11,,0.1,FULL_AND_PIECEWISE,stated,0.78,pool_actual,3.00
36861,0,2026-03-12,A10,0.17.0,FULL_AND_PIECEWISE,stated,0.60,took,5.00
37060,0,2026-03-14,,0.17.1,FULL_AND_PIECEWISE,stated,0.18,pool_actual,6.00
37096,0,2026-03-15,GH200,0.16.0,FULL_AND_PIECEWISE,stated,1.94,took,65.00
37296,0,2026-03-17,,0.1,FULL_AND_PIECEWISE,stated,4.68,pool_actual,8.00
37374,1,2026-03-18,,0.17.2,FULL_AND_PIECEWISE,stated,0.43,pool_actual,3.00
37429,2,2026-03-18,,0.17.1,FULL_AND_PIECEWISE,stated,0.50,pool_actual,13.00
37429,6,2026-03-18,,0.17.1,FULL_AND_PIECEWISE,stated,0.50,pool_actual,13.00
37451,0,2026-03-18,H100,0.17.1,FULL_AND_PIECEWISE,stated,0.24,took,6.00
37451,4,2026-03-18,,0.17.2,FULL_AND_PIECEWISE,stated,0.26,pool_actual,8.00
37505,0,2026-03-19,,0.17.1,FULL_DECODE_ONLY,stated,0.39,took,8.00
37522,0,2026-03-19,,0.17.2,FULL_AND_PIECEWISE,stated,0.05,pool_actual,5.00
37659,0,2026-03-20,,,,,0.19,took,3.00
37749,0,2026-03-21,A100,0.17.2,FULL_AND_PIECEWISE,stated,0.55,pool_actual,2.00
37928,0,2026-03-23,,,,,0.39,pool_actual,2.00
37972,1,2026-03-24,,0.18.0,FULL_AND_PIECEWISE,stated,0.28,pool_actual,3.00
37972,2,2026-03-24,,0.18.0,FULL_AND_PIECEWISE,stated,0.43,pool_actual,6.00
37978,3,2026-03-24,H100,0.1,FULL_AND_PIECEWISE,stated,0.04,pool_actual,1.00
38107,0,2026-03-25,,0.1,FULL_AND_PIECEWISE,stated,0.58,took,10.00
38486,1,2026-03-29,,,,,0.47,pool_actual,8.00
38486,6,2026-03-29,,,,,1.12,pool_actual,13.00
38486,7,2026-03-29,,,,,0.03,pool_actual,2.00
38820,5,2026-04-02,,0.18.0,FULL_AND_PIECEWISE,stated,0.17,pool_actual,3.00
38820,9,2026-04-02,,0.20.1,FULL_AND_PIECEWISE,stated,0.00,pool_actual,4.00
38849,7,2026-04-02,H100,0.19.1,FULL_AND_PIECEWISE,stated,0.69,pool_actual,4.00
39010,3,2026-04-05,,0.18.1,FULL_AND_PIECEWISE,stated,0.48,took,12.00
39010,5,2026-04-05,,0.19.0,FULL_AND_PIECEWISE,stated,3.69,took,9.00
39010,6,2026-04-05,,0.19.0,FULL_AND_PIECEWISE,stated,3.74,took,8.00
39033,1,2026-04-05,,0.19.1,FULL_AND_PIECEWISE,stated,0.54,pool_actual,3.00
39408,4,2026-04-09,,0.19.0,FULL_AND_PIECEWISE,stated,0.44,pool_actual,3.00
39471,0,2026-04-10,,0.19.1,FULL_AND_PIECEWISE,stated,0.72,pool_actual,2.00
39559,0,2026-04-11,,0.19.1,FULL_AND_PIECEWISE,stated,1.71,pool_actual,16.00
39610,11,2026-04-12,,0.19.1,FULL_AND_PIECEWISE,stated,0.71,pool_actual,9.00
39734,9,2026-04-13,,0.19.1,FULL_AND_PIECEWISE,stated,1.01,pool_actual,31.00
40044,0,2026-04-16,,0.19.1,FULL_AND_PIECEWISE,stated,1.68,pool_actual,39.00
40180,1,2026-04-17,,0.19.1,FULL_AND_PIECEWISE,stated,0.38,pool_actual,3.00
40585,0,2026-04-22,,,,,0.10,took,11.00
40899,0,2026-04-26,B200,,FULL_AND_PIECEWISE,stated,1.83,took,23.00
41378,0,2026-04-30,B200,,,,0.25,took,2.00
41519,7,2026-05-02,A800,,,,0.24,pool_actual,3.00
41519,9,2026-05-02,A800,,,,0.24,pool_actual,3.00
41726,6,2026-05-05,RTX4090,,,,0.48,took,6.00
41789,0,2026-05-06,,0.20.2,FULL_AND_PIECEWISE,stated,0.46,pool_actual,9.00
41789,4,2026-05-06,L40S,0.20.2,FULL_AND_PIECEWISE,stated,0.23,pool_actual,2.00
41834,300,2026-05-06,,,FULL_AND_PIECEWISE,stated,0.24,pool_actual,3.00
42314,0,2026-05-11,,,,,0.75,took,83.00
43009,0,2026-05-18,,0.21.1,FULL_AND_PIECEWISE,stated,0.23,pool_actual,2.00
43080,0,2026-05-19,H800,0.21,FULL_AND_PIECEWISE,default,1.22,took,33.00
44106,4,2026-05-31,,0.22.1,FULL_AND_PIECEWISE,default,0.52,took,9.00
44209,0,2026-06-01,RTX5090,,PIECEWISE,stated,0.11,took,1.00
44363,4,2026-06-02,,,,,6.25,took,57.00
44683,0,2026-06-05,,0.21.1,FULL_AND_PIECEWISE,stated,0.43,pool_actual,3.00
44740,2,2026-06-06,,,,,0.73,took,31.00
44776,0,2026-06-07,,0.21.1,FULL_AND_PIECEWISE,stated,0.43,pool_actual,3.00
45150,0,2026-06-10,A6000,,,,1.44,pool_actual,22.00
45178,1,2026-06-10,B200,,,,8.28,pool_actual,
45178,4,2026-06-10,,,,,4.77,pool_actual,
45288,0,2026-06-11,,0.23.1,NONE,stated,0.06,took,2.00
45670,0,2026-06-15,GB200,0.1,FULL_AND_PIECEWISE,stated,0.75,took,10.00
45837,0,2026-06-16,,0.18.0,FULL_DECODE_ONLY,stated,0.12,took,1.00
46179,0,2026-06-19,,,,,0.07,took,1.00
46249,7,2026-06-20,,0.23.1,FULL_AND_PIECEWISE,stated,0.16,pool_actual,1.00
46329,93,2026-06-22,RTX5060,,PIECEWISE,stated,0.06,took,1.00
46367,2,2026-06-22,,0.1,FULL_AND_PIECEWISE,stated,3.01,pool_actual,51.00
46389,1,2026-06-22,,0.23.1,FULL_AND_PIECEWISE,stated,0.87,pool_actual,7.00
48214,0,2026-07-10,,0.24.0,PIECEWISE,stated,0.27,pool_actual,2.00
48509,1,2026-07-13,RTX3090,,,,0.14,took,7.00
48601,0,2026-07-14,H100,,,,2.04,took,15.00
49011,13,2026-07-18,,0.25.1,PIECEWISE,stated,0.07,pool_actual,3.00
49233,0,2026-07-20,L40S,,FULL_AND_PIECEWISE,stated,6.05,took,39.00
49264,0,2026-07-21,,,,,0.37,took,2.00
49475,0,2026-07-22,,,,,0.99,took,6.00
49475,1,2026-07-22,,0.26.1,FULL_AND_PIECEWISE,stated,8.35,took,147.00
49878,0,2026-07-26,,0.25.1,FULL_AND_PIECEWISE,stated,1.26,took,10.00
50568,0,2026-07-31,H100,,,,0.64,took,13.00
50576,87,2026-07-31,RTX3090S,0.2.0,PIECEWISE,stated,2.51,pool_actual,22.00
50576,88,2026-07-31,RTX3090S,0.2.0,PIECEWISE,stated,2.51,pool_actual,22.00
50576,89,2026-07-31,RTX3090S,0.2.0,PIECEWISE,stated,2.51,pool_actual,22.00
50722,5,2026-08-02,A100,0.26.0,FULL_AND_PIECEWISE,stated,1.34,pool_actual,22.00
50722,7,2026-08-02,A100,0.26.0,FULL_AND_PIECEWISE,stated,2.22,pool_actual,21.00
51585,0,2026-08-09,MI325,,,,0.19,took,8.00
52280,2,2026-08-14,,0.27.1,FULL_AND_PIECEWISE,stated,1.04,pool_actual,18.00
52728,0,2026-08-18,L40S,,,,0.09,took,1.00
52802,0,2026-08-18,RTX4060,0.27.1,FULL_AND_PIECEWISE,stated,0.00,took,15.00
52915,0,2026-08-19,H100,,,,1.01,took,19.00
53899,5,2026-08-26,,,,,0.65,took,12.00
53899,16,2026-08-26,,,FULL_AND_PIECEWISE,stated,0.28,took,6.00
53928,0,2026-08-26,,0.26.1,FULL_AND_PIECEWISE,stated,4.24,took,15.00
53960,11,2026-08-26,,,,,0.55,took,11.00
54170,0,2026-08-28,RTX4090,0.27.1,FULL_AND_PIECEWISE,stated,0.06,pool_actual,1.00
54559,0,2026-08-31,A100,,,,3.26,took,85.00
55096,0,2026-09-03,H100,,,,0.28,took,2.00
55581,0,2026-09-06,,,NONE,stated,1.10,took,11.00
55581,1,2026-09-06,,,NONE,stated,0.27,took,43.00
55835,1,2026-09-08,GB200,,,,2.10,took,46.00
55835,3,2026-09-08,GB200,,,,2.10,took,46.00
56824,2,2026-09-14,,,,,0.71,took,43.00
56900,0,2026-09-14,H100,,FULL_AND_PIECEWISE,stated,0.85,took,13.00
57047,1,2026-09-15,,0.1,,,0.42,pool_actual,7.00
57475,0,2026-09-18,RTX5090,,,,0.04,pool_actual,1.00
57562,4,2026-09-18,,0.29.0,FULL_AND_PIECEWISE,stated,0.19,pool_actual,6.00
57936,0,2026-09-21,B200,,,,63.99,pool_actual,
58064,0,2026-09-22,,,NONE,stated,0.12,took,2.00
58259,1,2026-09-23,,0.29.1,NONE,stated,0.27,pool_actual,4.00
58259,2,2026-09-23,,0.30.1,FULL_AND_PIECEWISE,stated,0.24,pool_actual,4.00
58580,0,2026-09-24,,0.28.0,FULL_AND_PIECEWISE,stated,0.18,pool_actual,9.00
59318,0,2026-09-29,H200,,,,1.19,pool_actual,23.00
59368,0,2026-09-30,H200,,,,1.19,pool_actual,
59791,1,2026-10-02,RTX5060,,,,0.07,pool_actual,
60452,1,2026-10-07,,0.31.1,FULL_AND_PIECEWISE,stated,0.11,pool_actual,69.00
60514,0,2026-10-08,RTX5080,,,,0.22,took,2.00
